timestamp,last,volume
2026-03-25 21:29:26.655118,6636.5,1447913
2026-03-25 21:29:27.661118,6636.5,1447918
2026-03-25 21:29:28.664260,6636.5,1447918
2026-03-25 21:29:29.666978,6636.25,1447919
2026-03-25 21:29:30.670265,6636.5,1447924
2026-03-25 21:29:31.674340,6636.25,1447925
2026-03-25 21:29:32.677608,6636.25,1447932
2026-03-25 21:29:33.680606,6636.5,1447934
2026-03-25 21:29:34.683777,6636.25,1447935
2026-03-25 21:29:35.687994,6636.25,1447935
2026-03-25 21:29:36.691996,6636.25,1447935
2026-03-25 21:29:37.696246,6636.25,1447943
2026-03-25 21:29:38.702248,6636.5,1447945
2026-03-25 21:29:39.706134,6636.5,1447945
2026-03-25 21:29:40.720361,6636.5,1447945
2026-03-25 21:29:41.723202,6636.5,1447959
2026-03-25 21:29:42.726469,6636.5,1447959
2026-03-25 21:29:43.729794,6636.5,1447959
2026-03-25 21:29:44.733327,6636.25,1447960
2026-03-25 21:29:45.736330,6636.5,1448007
2026-03-25 21:29:46.741088,6636.5,1448007
2026-03-25 21:29:47.744091,6636.5,1448007
2026-03-25 21:29:48.746930,6636.25,1448011
2026-03-25 21:29:49.749943,6636.5,1448012
2026-03-25 21:29:50.753327,6636.5,1448012
2026-03-25 21:29:51.758336,6636.5,1448012
2026-03-25 21:29:52.761708,6636.25,1448016
2026-03-25 21:29:53.766709,6636.25,1448017
2026-03-25 21:29:54.773848,6636.25,1448024
2026-03-25 21:29:55.777039,6636.5,1448025
2026-03-25 21:29:56.781040,6636.5,1448025
2026-03-25 21:29:57.783931,6636.25,1448037
2026-03-25 21:29:58.788111,6636.25,1448039
2026-03-25 21:29:59.791334,6636.25,1448043
2026-03-25 21:30:00.795334,6636.25,1448044
2026-03-25 21:30:01.798849,6636.5,1448054
2026-03-25 21:30:02.802343,6636.5,1448057
2026-03-25 21:30:03.805866,6636.5,1448065
2026-03-25 21:30:04.808865,6636.5,1448084
2026-03-25 21:30:05.812472,6636.5,1448085
2026-03-25 21:30:06.815992,6636.5,1448091
2026-03-25 21:30:07.820886,6636.25,1448098
2026-03-25 21:30:08.829170,6636.25,1448099
2026-03-25 21:30:09.835170,6636.25,1448099
2026-03-25 21:30:10.838746,6636.25,1448099
2026-03-25 21:30:11.842744,6636.5,1448100
2026-03-25 21:30:12.847236,6636.75,1448101
2026-03-25 21:30:13.851252,6636.5,1448102
2026-03-25 21:30:14.854856,6636.75,1448108
2026-03-25 21:30:15.858855,6637.0,1448119
2026-03-25 21:30:16.862328,6637.0,1448138
2026-03-25 21:30:17.866373,6636.75,1448150
2026-03-25 21:30:18.869717,6636.75,1448154
2026-03-25 21:30:19.873423,6636.75,1448158
2026-03-25 21:30:20.877423,6636.75,1448176
2026-03-25 21:30:21.881298,6636.75,1448176
2026-03-25 21:30:22.884753,6636.75,1448178
2026-03-25 21:30:23.888317,6636.75,1448178
2026-03-25 21:30:24.893865,6636.75,1448183
2026-03-25 21:30:25.897863,6636.5,1448187
2026-03-25 21:30:26.900861,6636.5,1448191
2026-03-25 21:30:27.904149,6636.5,1448191
2026-03-25 21:30:28.909128,6636.25,1448213
2026-03-25 21:30:29.913324,6636.25,1448214
2026-03-25 21:30:30.917143,6636.25,1448216
2026-03-25 21:30:31.920140,6636.25,1448216
2026-03-25 21:30:32.924060,6636.0,1448218
2026-03-25 21:30:33.927450,6636.0,1448220
2026-03-25 21:30:34.931617,6636.0,1448232
2026-03-25 21:30:35.934873,6636.25,1448236
2026-03-25 21:30:36.938301,6636.25,1448236
2026-03-25 21:30:37.941472,6636.25,1448236
2026-03-25 21:30:38.945473,6636.25,1448240
2026-03-25 21:30:39.949275,6636.25,1448240
2026-03-25 21:30:40.953277,6636.25,1448241
2026-03-25 21:30:41.960163,6636.25,1448242
2026-03-25 21:30:42.964216,6636.25,1448244
2026-03-25 21:30:43.969522,6636.25,1448247
2026-03-25 21:30:44.973556,6636.0,1448248
2026-03-25 21:30:45.976663,6636.0,1448248
2026-03-25 21:30:46.980663,6636.0,1448249
2026-03-25 21:30:47.984438,6636.0,1448250
2026-03-25 21:30:48.987467,6636.0,1448251
2026-03-25 21:30:49.991468,6636.0,1448252
2026-03-25 21:30:50.996104,6636.0,1448252
2026-03-25 21:30:51.999141,6636.0,1448252
2026-03-25 21:30:53.015076,6636.0,1448252
2026-03-25 21:30:54.019114,6636.0,1448253
2026-03-25 21:30:55.025318,6636.0,1448253
2026-03-25 21:30:56.028558,6636.0,1448255
2026-03-25 21:30:57.032883,6636.0,1448255
2026-03-25 21:30:58.037884,6636.0,1448255
2026-03-25 21:30:59.041242,6635.5,1448280
2026-03-25 21:31:00.046688,6635.5,1448281
2026-03-25 21:31:01.050685,6635.75,1448288
2026-03-25 21:31:02.053723,6635.75,1448304
2026-03-25 21:31:03.057807,6635.75,1448304
2026-03-25 21:31:04.060906,6635.75,1448305
2026-03-25 21:31:05.064905,6635.75,1448305
2026-03-25 21:31:06.069415,6635.75,1448305
2026-03-25 21:31:07.074417,6636.0,1448307
2026-03-25 21:31:08.078744,6636.0,1448307
2026-03-25 21:31:09.082745,6635.75,1448310
2026-03-25 21:31:10.086087,6635.75,1448311
2026-03-25 21:31:11.090240,6636.0,1448313
2026-03-25 21:31:12.093242,6636.0,1448316
2026-03-25 21:31:13.097395,6636.0,1448316
2026-03-25 21:31:14.103398,6636.0,1448317
2026-03-25 21:31:15.106706,6636.0,1448321
2026-03-25 21:31:16.110707,6636.0,1448321
2026-03-25 21:31:17.114612,6636.25,1448334
2026-03-25 21:31:18.119476,6636.25,1448334
2026-03-25 21:31:19.123477,6636.5,1448335
2026-03-25 21:31:20.127477,6636.5,1448337
2026-03-25 21:31:21.130476,6636.5,1448337
2026-03-25 21:31:22.134099,6636.25,1448346
2026-03-25 21:31:23.138100,6636.25,1448349
2026-03-25 21:31:24.141887,6636.25,1448350
2026-03-25 21:31:25.146996,6636.25,1448357
2026-03-25 21:31:26.150447,6636.25,1448358
2026-03-25 21:31:27.153798,6636.0,1448359
2026-03-25 21:31:28.157808,6636.0,1448360
2026-03-25 21:31:29.161891,6636.0,1448360
2026-03-25 21:31:30.165286,6636.0,1448360
2026-03-25 21:31:31.169285,6636.0,1448386
2026-03-25 21:31:32.173286,6636.0,1448386
2026-03-25 21:31:33.177762,6636.0,1448386
2026-03-25 21:31:34.189794,6636.25,1448387
2026-03-25 21:31:35.193559,6636.0,1448395
2026-03-25 21:31:36.197558,6636.0,1448395
2026-03-25 21:31:37.201463,6636.0,1448395
2026-03-25 21:31:38.206736,6636.0,1448396
2026-03-25 21:31:39.209752,6636.0,1448404
2026-03-25 21:31:40.212750,6636.0,1448404
2026-03-25 21:31:41.216676,6635.75,1448405
2026-03-25 21:31:42.220081,6635.75,1448405
2026-03-25 21:31:43.224083,6635.75,1448405
2026-03-25 21:31:44.253983,6636.25,1448409
2026-03-25 21:31:45.258019,6636.25,1448409
2026-03-25 21:31:46.262068,6636.25,1448411
2026-03-25 21:31:47.266066,6636.5,1448412
2026-03-25 21:31:48.269947,6636.5,1448415
2026-03-25 21:31:49.273009,6636.5,1448415
2026-03-25 21:31:50.276967,6636.75,1448416
2026-03-25 21:31:51.280966,6636.75,1448426
2026-03-25 21:31:52.284770,6636.75,1448487
2026-03-25 21:31:53.289772,6637.0,1448490
2026-03-25 21:31:54.293826,6637.0,1448507
2026-03-25 21:31:55.298568,6637.0,1448508
2026-03-25 21:31:56.302567,6636.75,1448510
2026-03-25 21:31:57.306464,6636.75,1448512
2026-03-25 21:31:58.309772,6636.75,1448512
2026-03-25 21:31:59.312746,6636.75,1448514
2026-03-25 21:32:00.316176,6636.75,1448515
2026-03-25 21:32:01.320306,6636.75,1448517
2026-03-25 21:32:02.324823,6636.75,1448517
2026-03-25 21:32:03.329114,6636.75,1448523
2026-03-25 21:32:04.333149,6636.75,1448524
2026-03-25 21:32:05.337150,6636.75,1448524
2026-03-25 21:32:06.340326,6636.75,1448525
2026-03-25 21:32:07.344349,6636.75,1448525
2026-03-25 21:32:08.348152,6636.75,1448526
2026-03-25 21:32:09.352157,6636.75,1448532
2026-03-25 21:32:10.355814,6636.75,1448532
2026-03-25 21:32:11.358949,6636.75,1448532
2026-03-25 21:32:12.363124,6636.75,1448538
2026-03-25 21:32:13.367252,6636.75,1448538
2026-03-25 21:32:14.370252,6636.5,1448538
2026-03-25 21:32:15.374485,6636.5,1448539
2026-03-25 21:32:16.378484,6636.5,1448558
2026-03-25 21:32:17.382387,6636.5,1448558
2026-03-25 21:32:18.387387,6636.75,1448562
2026-03-25 21:32:19.391450,6636.75,1448562
2026-03-25 21:32:20.395450,6636.5,1448570
2026-03-25 21:32:21.398500,6636.5,1448570
2026-03-25 21:32:22.402628,6636.5,1448570
2026-03-25 21:32:23.406276,6636.5,1448570
2026-03-25 21:32:24.409375,6636.5,1448578
2026-03-25 21:32:25.414377,6636.75,1448581
2026-03-25 21:32:26.417609,6636.75,1448581
2026-03-25 21:32:27.420630,6636.5,1448583
2026-03-25 21:32:28.424277,6636.5,1448583
2026-03-25 21:32:29.427277,6636.5,1448583
2026-03-25 21:32:30.431043,6636.5,1448585
2026-03-25 21:32:31.435037,6636.5,1448585
2026-03-25 21:32:32.438016,6636.5,1448585
2026-03-25 21:32:33.442018,6636.5,1448586
2026-03-25 21:32:34.445414,6636.5,1448586
2026-03-25 21:32:35.448930,6636.75,1448589
2026-03-25 21:32:36.452932,6636.75,1448589
2026-03-25 21:32:37.456709,6636.75,1448589
2026-03-25 21:32:38.460710,6637.0,1448591
2026-03-25 21:32:39.464513,6637.0,1448591
2026-03-25 21:32:40.468514,6637.25,1448601
2026-03-25 21:32:41.472295,6637.25,1448602
2026-03-25 21:32:42.475674,6637.25,1448617
2026-03-25 21:32:43.479849,6637.25,1448617
2026-03-25 21:32:44.483319,6637.25,1448644
2026-03-25 21:32:45.486317,6637.25,1448644
2026-03-25 21:32:46.490325,6637.5,1448648
2026-03-25 21:32:47.493482,6637.5,1448661
2026-03-25 21:32:48.498173,6637.0,1448678
2026-03-25 21:32:49.502173,6637.25,1448682
2026-03-25 21:32:50.505641,6637.0,1448688
2026-03-25 21:32:51.509642,6637.0,1448688
2026-03-25 21:32:52.513390,6637.0,1448689
2026-03-25 21:32:53.516409,6637.0,1448689
2026-03-25 21:32:54.519853,6637.0,1448689
2026-03-25 21:32:55.524880,6637.0,1448689
2026-03-25 21:32:56.528066,6637.0,1448689
2026-03-25 21:32:57.532096,6637.0,1448689
2026-03-25 21:32:58.535125,6637.0,1448691
2026-03-25 21:32:59.538834,6637.25,1448698
2026-03-25 21:33:00.541873,6637.25,1448698
2026-03-25 21:33:01.545372,6637.25,1448698
2026-03-25 21:33:02.548610,6637.25,1448698
2026-03-25 21:33:03.552043,6637.25,1448698
2026-03-25 21:33:04.556080,6637.25,1448706
2026-03-25 21:33:05.559336,6637.25,1448710
2026-03-25 21:33:06.562294,6637.25,1448710
2026-03-25 21:33:07.566769,6637.0,1448711
2026-03-25 21:33:08.570824,6637.0,1448711
2026-03-25 21:33:09.574050,6637.0,1448711
2026-03-25 21:33:10.579700,6637.0,1448711
2026-03-25 21:33:11.618700,6637.0,1448713
2026-03-25 21:33:12.652476,6637.0,1448713
2026-03-25 21:33:13.657531,6637.0,1448713
2026-03-25 21:33:14.660782,6637.0,1448713
2026-03-25 21:33:15.664810,6637.25,1448714
2026-03-25 21:33:16.668696,6637.25,1448714
2026-03-25 21:33:17.673176,6637.25,1448714
2026-03-25 21:33:18.678980,6637.25,1448716
2026-03-25 21:33:19.683975,6637.25,1448716
2026-03-25 21:33:20.687637,6637.25,1448716
2026-03-25 21:33:21.692790,6637.5,1448726
2026-03-25 21:33:22.696791,6637.5,1448739
2026-03-25 21:33:23.702490,6637.75,1448751
2026-03-25 21:33:24.707520,6637.75,1448751
2026-03-25 21:33:25.715021,6637.5,1448752
2026-03-25 21:33:26.719477,6637.5,1448755
2026-03-25 21:33:27.723046,6637.5,1448757
2026-03-25 21:33:28.817218,6637.5,1448759
2026-03-25 21:33:29.847193,6637.5,1448760
2026-03-25 21:33:30.853232,6637.5,1448760
2026-03-25 21:33:31.857632,6637.5,1448761
2026-03-25 21:33:32.861914,6637.25,1448764
2026-03-25 21:33:33.866997,6637.25,1448764
2026-03-25 21:33:34.883100,6637.25,1448764
2026-03-25 21:33:35.887108,6637.25,1448764
2026-03-25 21:33:36.892164,6637.25,1448764
2026-03-25 21:33:37.897165,6637.5,1448766
2026-03-25 21:33:38.902166,6637.5,1448766
2026-03-25 21:33:39.907885,6637.5,1448766
2026-03-25 21:33:40.911885,6637.0,1448768
2026-03-25 21:33:41.916540,6637.25,1448771
2026-03-25 21:33:42.920536,6637.5,1448775
2026-03-25 21:33:43.924637,6637.0,1448776
2026-03-25 21:33:44.928785,6637.0,1448781
2026-03-25 21:33:45.933281,6637.25,1448782
2026-03-25 21:33:46.938739,6637.25,1448782
2026-03-25 21:33:47.942839,6637.25,1448782
2026-03-25 21:33:48.948987,6637.25,1448785
2026-03-25 21:33:49.954005,6637.25,1448788
2026-03-25 21:33:50.960181,6637.25,1448789
2026-03-25 21:33:51.964843,6637.25,1448790
2026-03-25 21:33:52.970340,6637.0,1448791
2026-03-25 21:33:53.981889,6637.0,1448791
2026-03-25 21:33:54.987778,6637.0,1448791
2026-03-25 21:33:55.994779,6637.0,1448791
2026-03-25 21:33:57.002285,6637.0,1448791
2026-03-25 21:33:58.007285,6637.25,1448793
2026-03-25 21:33:59.013768,6637.0,1448795
2026-03-25 21:34:00.021149,6637.0,1448795
2026-03-25 21:34:01.028551,6637.0,1448795
2026-03-25 21:34:02.034993,6637.0,1448795
2026-03-25 21:34:03.040025,6637.5,1448797
2026-03-25 21:34:04.045651,6637.5,1448797
2026-03-25 21:34:05.049095,6637.75,1448798
2026-03-25 21:34:06.053811,6637.75,1448798
2026-03-25 21:34:07.057437,6637.5,1448799
2026-03-25 21:34:08.063437,6637.5,1448799
2026-03-25 21:34:09.070371,6637.75,1448808
2026-03-25 21:34:10.076374,6637.75,1448808
2026-03-25 21:34:11.081641,6637.5,1448809
2026-03-25 21:34:12.086643,6637.5,1448809
2026-03-25 21:34:13.095046,6637.75,1448812
2026-03-25 21:34:14.099047,6637.75,1448812
2026-03-25 21:34:15.106469,6637.75,1448814
2026-03-25 21:34:16.138472,6637.75,1448814
2026-03-25 21:34:17.164409,6637.75,1448814
2026-03-25 21:34:18.172407,6637.5,1448832
2026-03-25 21:34:19.208408,6637.75,1448833
2026-03-25 21:34:20.232046,6637.75,1448834
2026-03-25 21:34:21.269047,6637.75,1448835
2026-03-25 21:34:22.273550,6637.75,1448835
2026-03-25 21:34:23.278554,6637.75,1448835
2026-03-25 21:34:24.284450,6637.75,1448835
2026-03-25 21:34:25.292304,6637.5,1448860
2026-03-25 21:34:26.299641,6637.5,1448860
2026-03-25 21:38:09.850536,6638.75,1449750
2026-03-25 21:38:10.859186,6638.75,1449750
2026-03-25 21:38:11.863700,6638.75,1449751
2026-03-25 21:38:12.867966,6638.75,1449755
2026-03-25 21:38:13.873031,6639.0,1449758
2026-03-25 21:38:14.877490,6639.0,1449760
2026-03-25 21:38:15.882490,6639.0,1449761
2026-03-25 21:38:16.888505,6639.0,1449763
2026-03-25 21:38:17.893529,6639.0,1449763
2026-03-25 21:38:18.899273,6639.0,1449765
2026-03-25 21:38:19.902789,6639.0,1449769
2026-03-25 21:38:20.906787,6639.25,1449794
2026-03-25 21:38:21.911214,6638.75,1449795
2026-03-25 21:38:22.915216,6639.0,1449805
2026-03-25 21:38:23.919401,6639.0,1449805
2026-03-25 21:38:24.922964,6639.25,1449815
2026-03-25 21:38:25.928120,6639.25,1449817
2026-03-25 21:38:26.938633,6639.0,1449819
2026-03-25 21:38:27.943558,6639.0,1449819
2026-03-25 21:38:28.948557,6639.0,1449819
2026-03-25 21:38:29.953263,6639.0,1449819
2026-03-25 21:38:30.957259,6639.0,1449819
2026-03-25 21:38:31.961260,6639.0,1449819
2026-03-25 21:38:32.965362,6639.0,1449822
2026-03-25 21:38:33.969363,6638.75,1449824
2026-03-25 21:38:34.972864,6638.5,1449836
2026-03-25 21:38:35.976865,6638.75,1449839
2026-03-25 21:38:36.980016,6638.75,1449839
2026-03-25 21:38:37.985018,6638.75,1449839
2026-03-25 21:38:38.989748,6638.75,1449839
2026-03-25 21:38:39.993748,6638.75,1449840
2026-03-25 21:38:40.997456,6638.75,1449840
2026-03-25 21:38:42.001339,6639.0,1449842
2026-03-25 21:38:43.005339,6639.0,1449842
2026-03-25 21:38:44.010326,6639.0,1449842
2026-03-25 21:38:45.014326,6639.0,1449842
2026-03-25 21:38:46.018014,6639.0,1449842
2026-03-25 21:38:47.022014,6638.75,1449844
2026-03-25 21:38:48.025558,6638.75,1449844
2026-03-25 21:38:49.029558,6639.0,1449849
2026-03-25 21:38:50.033922,6639.25,1449851
2026-03-25 21:38:51.039920,6639.25,1449851
2026-03-25 21:38:52.043921,6639.25,1449851
2026-03-25 21:38:53.047944,6638.75,1449852
2026-03-25 21:38:54.051945,6639.0,1449852
2026-03-25 21:38:55.055510,6639.0,1449854
2026-03-25 21:38:56.059509,6639.0,1449854
2026-03-25 21:38:57.062872,6639.0,1449854
2026-03-25 21:38:58.066872,6639.0,1449855
2026-03-25 21:38:59.070685,6639.0,1449855
2026-03-25 21:39:00.074687,6639.0,1449855
2026-03-25 21:39:01.078395,6639.0,1449855
2026-03-25 21:39:02.082394,6639.0,1449855
2026-03-25 21:39:03.086395,6639.25,1449869
2026-03-25 21:39:04.090770,6639.5,1449872
2026-03-25 21:39:05.094770,6639.5,1449872
2026-03-25 21:39:06.099224,6639.25,1449873
2026-03-25 21:39:07.103225,6639.25,1449873
2026-03-25 21:39:08.108303,6639.25,1449874
2026-03-25 21:39:09.112303,6639.5,1449875
2026-03-25 21:39:10.115962,6639.25,1449877
2026-03-25 21:39:11.119962,6639.25,1449877
2026-03-25 21:39:12.123895,6639.0,1449879
2026-03-25 21:39:13.127894,6639.0,1449881
2026-03-25 21:39:14.132896,6639.0,1449881
2026-03-25 21:39:15.137871,6639.25,1449884
2026-03-25 21:39:16.141870,6639.0,1449885
2026-03-25 21:39:17.145514,6639.0,1449885
2026-03-25 21:39:18.149516,6639.0,1449885
2026-03-25 21:39:19.153214,6639.0,1449885
2026-03-25 21:39:20.158213,6639.0,1449885
2026-03-25 21:39:21.162249,6639.0,1449885
2026-03-25 21:39:22.166248,6639.0,1449886
2026-03-25 21:39:23.170168,6639.0,1449886
2026-03-25 21:39:24.174168,6639.0,1449886
2026-03-25 21:39:25.177722,6639.0,1449886
2026-03-25 21:39:26.181730,6639.0,1449887
2026-03-25 21:39:27.185730,6639.0,1449890
2026-03-25 21:39:28.189908,6638.75,1449900
2026-03-25 21:39:29.195908,6638.75,1449900
2026-03-25 21:39:30.200496,6639.0,1449901
2026-03-25 21:39:31.206495,6639.25,1449902
2026-03-25 21:39:32.211363,6639.25,1449902
2026-03-25 21:39:33.215362,6639.25,1449902
2026-03-25 21:39:34.219036,6638.75,1449903
2026-03-25 21:39:35.223041,6639.0,1449907
2026-03-25 21:39:36.227036,6639.0,1449907
2026-03-25 21:39:37.231133,6639.0,1449907
2026-03-25 21:39:38.237134,6639.0,1449907
2026-03-25 21:39:39.241306,6639.0,1449907
2026-03-25 21:39:40.245306,6639.0,1449907
2026-03-25 21:39:41.250234,6639.0,1449907
2026-03-25 21:39:42.254234,6639.0,1449907
2026-03-25 21:39:43.257911,6639.0,1449907
2026-03-25 21:39:44.261913,6639.0,1449907
2026-03-25 21:39:45.266661,6639.0,1449907
2026-03-25 21:39:46.272223,6639.0,1449907
2026-03-25 21:39:47.276739,6639.0,1449907
2026-03-25 21:39:48.284172,6639.0,1449907
2026-03-25 21:39:49.288172,6639.0,1449912
2026-03-25 21:39:50.291691,6639.0,1449912
2026-03-25 21:39:51.295208,6639.0,1449912
2026-03-25 21:39:52.299591,6639.25,1449914
2026-03-25 21:39:53.303590,6639.0,1449915
2026-03-25 21:39:54.308228,6638.75,1449935
2026-03-25 21:39:55.312225,6638.75,1449947
2026-03-25 21:39:56.316276,6638.75,1449947
2026-03-25 21:39:57.320838,6638.25,1449988
2026-03-25 21:39:58.325835,6638.5,1449989
2026-03-25 21:39:59.330803,6638.5,1449989
2026-03-25 21:40:00.334803,6638.75,1449991
2026-03-25 21:40:01.338865,6638.5,1449991
2026-03-25 21:40:02.342867,6638.5,1449997
2026-03-25 21:40:03.347262,6638.5,1449997
2026-03-25 21:40:04.351261,6638.75,1449998
2026-03-25 21:40:05.355444,6638.5,1450005
2026-03-25 21:40:06.358868,6638.5,1450005
2026-03-25 21:40:07.362545,6638.5,1450005
2026-03-25 21:40:08.367546,6638.5,1450005
2026-03-25 21:40:09.371545,6638.75,1450018
2026-03-25 21:40:10.375281,6638.75,1450023
2026-03-25 21:40:11.379281,6638.75,1450023
2026-03-25 21:40:12.382881,6638.75,1450027
2026-03-25 21:40:13.386882,6638.75,1450028
2026-03-25 21:40:14.390783,6638.75,1450028
2026-03-25 21:40:15.394026,6638.75,1450029
2026-03-25 21:40:16.398073,6638.75,1450029
2026-03-25 21:40:17.402073,6638.5,1450030
2026-03-25 21:40:18.406072,6638.5,1450030
2026-03-25 21:40:19.411018,6638.75,1450039
2026-03-25 21:40:20.415532,6638.75,1450039
2026-03-25 21:40:21.418743,6638.75,1450052
2026-03-25 21:40:22.422742,6638.75,1450053
2026-03-25 21:40:23.426504,6638.75,1450053
2026-03-25 21:40:24.430504,6638.75,1450054
2026-03-25 21:40:25.433753,6638.75,1450054
2026-03-25 21:40:26.437753,6638.75,1450059
2026-03-25 21:40:27.440933,6638.5,1450061
2026-03-25 21:40:28.444982,6638.5,1450075
2026-03-25 21:40:29.448982,6638.5,1450075
2026-03-25 21:40:30.453671,6638.5,1450075
2026-03-25 21:40:31.457437,6638.5,1450076
2026-03-25 21:40:32.461812,6638.5,1450076
2026-03-25 21:40:33.466813,6638.5,1450077
2026-03-25 21:40:34.471646,6638.5,1450078
2026-03-25 21:40:35.475646,6638.5,1450078
2026-03-25 21:40:36.481636,6638.5,1450083
2026-03-25 21:40:37.486636,6638.5,1450083
2026-03-25 21:40:38.491635,6638.5,1450099
2026-03-25 21:40:39.495193,6639.0,1450100
2026-03-25 21:40:40.499193,6639.0,1450101
2026-03-25 21:40:41.502898,6639.0,1450101
2026-03-25 21:40:42.506900,6639.0,1450101
2026-03-25 21:40:43.510517,6639.0,1450109
2026-03-25 21:40:44.514521,6639.0,1450109
2026-03-25 21:40:45.519098,6639.0,1450109
2026-03-25 21:40:46.523099,6639.0,1450110
2026-03-25 21:40:47.527099,6639.0,1450110
2026-03-25 21:40:48.537001,6639.0,1450110
2026-03-25 21:40:49.541998,6639.25,1450126
2026-03-25 21:40:50.546178,6639.25,1450126
2026-03-25 21:40:51.557178,6638.75,1450127
2026-03-25 21:40:52.561008,6638.75,1450134
2026-03-25 21:40:53.566008,6638.75,1450137
2026-03-25 21:40:54.570007,6638.75,1450137
2026-03-25 21:40:55.575424,6638.75,1450137
2026-03-25 21:40:56.579426,6638.75,1450138
2026-03-25 21:40:57.583709,6638.75,1450139
2026-03-25 21:40:58.589223,6638.75,1450139
2026-03-25 21:40:59.592877,6638.5,1450140
2026-03-25 21:41:00.597565,6638.5,1450140
2026-03-25 21:41:01.602479,6638.5,1450140
2026-03-25 21:41:02.606479,6638.5,1450140
2026-03-25 21:41:03.611479,6638.5,1450140
2026-03-25 21:41:04.616945,6638.5,1450140
2026-03-25 21:41:05.620944,6638.5,1450140
2026-03-25 21:41:06.625491,6638.5,1450140
2026-03-25 21:41:07.630489,6638.5,1450140
2026-03-25 21:41:08.637010,6638.5,1450140
2026-03-25 21:41:09.642272,6638.5,1450140
2026-03-25 21:41:10.646847,6638.75,1450149
2026-03-25 21:41:11.651227,6638.75,1450149
2026-03-25 21:41:12.655349,6638.75,1450149
2026-03-25 21:41:13.660349,6638.75,1450149
2026-03-25 21:41:14.664350,6638.75,1450149
2026-03-25 21:41:15.668759,6638.75,1450149
2026-03-25 21:41:16.672043,6638.75,1450149
2026-03-25 21:41:17.676704,6638.75,1450149
2026-03-25 21:41:18.680705,6638.75,1450149
2026-03-25 21:41:19.684496,6638.5,1450151
2026-03-25 21:41:20.688230,6638.5,1450151
2026-03-25 21:41:21.691661,6638.75,1450154
2026-03-25 21:41:22.696490,6638.75,1450154
2026-03-25 21:41:23.701362,6638.75,1450154
2026-03-25 21:41:24.706949,6638.75,1450158
2026-03-25 21:41:25.711139,6638.5,1450178
2026-03-25 21:41:26.714491,6638.5,1450178
2026-03-25 21:41:27.718493,6638.5,1450178
2026-03-25 21:41:28.722979,6638.5,1450178
2026-03-25 21:41:29.728644,6638.5,1450178
2026-03-25 21:41:30.733602,6638.5,1450178
2026-03-25 21:41:31.738112,6638.5,1450179
2026-03-25 21:41:32.742457,6638.75,1450180
2026-03-25 21:41:33.746457,6638.75,1450180
2026-03-25 21:41:34.750458,6638.75,1450180
2026-03-25 21:41:35.753976,6638.5,1450189
2026-03-25 21:41:36.758959,6638.5,1450189
2026-03-25 21:41:37.766957,6638.5,1450189
2026-03-25 21:41:38.774959,6638.75,1450191
2026-03-25 21:41:39.781473,6638.5,1450192
2026-03-25 21:41:40.787638,6638.75,1450193
2026-03-25 21:41:41.792636,6638.5,1450194
2026-03-25 21:41:42.798153,6638.5,1450195
2026-03-25 21:41:43.801569,6638.75,1450196
2026-03-25 21:41:44.808951,6638.5,1450201
2026-03-25 21:41:45.814560,6638.5,1450257
2026-03-25 21:41:46.819407,6638.5,1450257
2026-03-25 21:41:47.826918,6638.75,1450258
2026-03-25 21:41:48.832454,6638.75,1450258
2026-03-25 21:41:49.849487,6639.0,1450261
2026-03-25 21:41:50.864004,6638.75,1450263
2026-03-25 21:41:51.875005,6638.75,1450263
2026-03-25 21:41:52.890521,6638.75,1450265
2026-03-25 21:41:53.955226,6638.75,1450266
2026-03-25 21:41:55.020428,6638.75,1450266
2026-03-25 21:41:56.067666,6638.75,1450266
2026-03-25 21:41:57.116507,6638.75,1450266
2026-03-25 21:41:58.165894,6638.5,1450267
2026-03-25 21:41:59.194186,6638.5,1450267
2026-03-25 21:42:00.234963,6638.5,1450267
2026-03-25 21:42:01.348962,6638.5,1450267
2026-03-25 21:42:02.449724,6638.5,1450267
2026-03-25 21:42:03.485724,6638.75,1450277
2026-03-25 21:42:04.501907,6638.75,1450277
2026-03-25 21:42:05.656944,6638.75,1450277
2026-03-25 21:42:06.790944,6638.75,1450277
2026-03-25 21:42:07.856941,6638.75,1450277
2026-03-25 21:42:08.983307,6638.75,1450277
2026-03-25 21:42:10.045652,6638.75,1450277
2026-03-25 21:42:11.116652,6638.75,1450277
2026-03-25 21:42:12.131893,6638.75,1450277
2026-03-25 21:42:13.156172,6638.75,1450277
2026-03-25 21:42:14.229174,6638.75,1450286
2026-03-25 21:42:15.328486,6638.75,1450287
2026-03-25 21:42:16.361488,6638.75,1450287
2026-03-25 21:42:17.393487,6638.75,1450288
2026-03-25 21:42:18.458500,6638.75,1450288
2026-03-25 21:42:19.480498,6638.75,1450288
2026-03-25 21:42:20.561617,6638.75,1450288
2026-03-25 21:42:21.581617,6638.25,1450342
2026-03-25 21:42:22.644989,6638.25,1450352
2026-03-25 21:42:23.668990,6638.0,1450361
2026-03-25 21:42:24.684989,6638.0,1450361
2026-03-25 21:42:25.726549,6637.75,1450388
2026-03-25 21:42:26.836549,6638.0,1450393
2026-03-25 21:42:27.890548,6638.0,1450394
2026-03-25 21:42:28.951422,6638.0,1450397
2026-03-25 21:42:30.001422,6638.0,1450399
2026-03-25 21:42:31.043421,6638.0,1450399
2026-03-25 21:42:32.073241,6638.0,1450405
2026-03-25 21:42:33.149243,6638.0,1450410
2026-03-25 21:42:34.276240,6638.0,1450411
2026-03-25 21:42:35.388203,6638.25,1450413
2026-03-25 21:42:36.424199,6638.25,1450413
2026-03-25 21:42:37.435201,6638.25,1450413
2026-03-25 21:42:38.454033,6638.0,1450422
2026-03-25 21:42:39.463546,6638.0,1450427
2026-03-25 21:42:40.479815,6638.0,1450429
2026-03-25 21:42:41.486327,6638.0,1450437
2026-03-25 21:42:42.496502,6637.75,1450444
2026-03-25 21:42:43.503504,6637.75,1450452
2026-03-25 21:42:44.512411,6637.75,1450453
2026-03-25 21:42:45.517928,6637.75,1450454
2026-03-25 21:42:46.523927,6638.0,1450455
2026-03-25 21:42:47.529357,6638.0,1450456
2026-03-25 21:42:48.535358,6637.75,1450464
2026-03-25 21:42:49.549591,6637.75,1450465
2026-03-25 21:42:50.565589,6638.0,1450473
2026-03-25 21:42:51.618104,6638.0,1450473
2026-03-25 21:42:52.654981,6638.0,1450478
2026-03-25 21:42:53.666980,6638.0,1450478
2026-03-25 21:42:54.673702,6638.0,1450480
2026-03-25 21:42:55.685703,6638.0,1450481
2026-03-25 21:42:56.690897,6638.0,1450486
2026-03-25 21:42:57.702895,6638.0,1450487
2026-03-25 21:42:58.711897,6638.25,1450489
2026-03-25 21:42:59.723236,6638.0,1450493
2026-03-25 21:43:00.744757,6638.0,1450493
2026-03-25 21:43:01.751912,6637.75,1450497
2026-03-25 21:43:02.759912,6637.75,1450497
2026-03-25 21:43:03.768051,6637.75,1450497
2026-03-25 21:43:04.774076,6638.25,1450518
2026-03-25 21:43:05.781552,6638.25,1450518
2026-03-25 21:43:06.788985,6638.5,1450519
2026-03-25 21:43:07.794985,6638.5,1450519
2026-03-25 21:43:08.804798,6638.25,1450565
2026-03-25 21:43:09.815798,6638.25,1450565
2026-03-25 21:43:10.823224,6638.5,1450566
2026-03-25 21:43:11.830225,6638.5,1450566
2026-03-25 21:43:12.843039,6638.5,1450570
2026-03-25 21:43:13.860040,6638.5,1450570
2026-03-25 21:43:14.867040,6638.5,1450570
2026-03-25 21:43:15.881264,6638.5,1450570
2026-03-25 21:43:16.889263,6638.25,1450577
2026-03-25 21:43:17.896326,6638.25,1450577
2026-03-25 21:43:18.903327,6638.25,1450577
2026-03-25 21:43:19.909252,6638.25,1450577
2026-03-25 21:43:20.914254,6638.5,1450583
2026-03-25 21:43:21.920393,6638.5,1450587
2026-03-25 21:43:22.926392,6638.5,1450588
2026-03-25 21:43:23.933392,6638.5,1450589
2026-03-25 21:43:24.938082,6638.5,1450594
2026-03-25 21:43:25.943083,6638.5,1450594
2026-03-25 21:43:26.970290,6638.5,1450594
2026-03-25 21:43:28.030290,6638.5,1450595
2026-03-25 21:43:29.036409,6638.25,1450599
2026-03-25 21:43:30.046409,6638.25,1450599
2026-03-25 21:43:31.051464,6638.25,1450599
2026-03-25 21:43:32.056463,6638.25,1450599
2026-03-25 21:43:33.060466,6638.5,1450601
2026-03-25 21:43:34.066171,6638.5,1450602
2026-03-25 21:43:35.071171,6638.5,1450603
2026-03-25 21:43:36.075165,6638.5,1450604
2026-03-25 21:43:37.080165,6638.5,1450604
2026-03-25 21:43:38.085053,6638.5,1450605
2026-03-25 21:43:39.089053,6638.5,1450605
2026-03-25 21:43:40.095206,6638.75,1450606
2026-03-25 21:43:41.100207,6639.0,1450614
2026-03-25 21:43:42.104462,6638.75,1450616
2026-03-25 21:43:43.110181,6638.75,1450620
2026-03-25 21:43:44.115183,6638.75,1450637
2026-03-25 21:43:45.119678,6638.75,1450637
2026-03-25 21:43:46.125678,6638.75,1450641
2026-03-25 21:43:47.131048,6638.75,1450641
2026-03-25 21:43:48.136046,6638.75,1450651
2026-03-25 21:43:49.140707,6638.75,1450651
2026-03-25 21:43:50.144707,6638.75,1450651
2026-03-25 21:43:51.148374,6638.75,1450651
2026-03-25 21:43:52.153928,6638.5,1450655
2026-03-25 21:43:53.158928,6638.5,1450657
2026-03-25 21:43:54.203478,6638.5,1450657
2026-03-25 21:43:55.208477,6638.5,1450657
2026-03-25 21:43:56.213481,6638.5,1450657
2026-03-25 21:43:57.217996,6638.5,1450657
2026-03-25 21:43:58.222477,6638.5,1450657
2026-03-25 21:43:59.227473,6638.5,1450660
2026-03-25 21:44:00.231475,6638.5,1450660
2026-03-25 21:44:01.237770,6638.5,1450663
2026-03-25 21:44:02.244284,6638.5,1450670
2026-03-25 21:44:03.249255,6638.5,1450670
2026-03-25 21:44:04.257769,6638.5,1450670
2026-03-25 21:44:05.264098,6638.5,1450670
2026-03-25 21:44:06.273098,6638.5,1450670
2026-03-25 21:44:07.279488,6638.5,1450675
2026-03-25 21:44:08.284490,6638.25,1450676
2026-03-25 21:44:09.290304,6638.25,1450677
2026-03-25 21:44:10.337879,6638.25,1450681
2026-03-25 21:44:11.360397,6638.25,1450685
2026-03-25 21:44:12.366281,6638.25,1450685
2026-03-25 21:44:13.370279,6638.25,1450685
2026-03-25 21:44:14.375041,6638.25,1450685
2026-03-25 21:44:15.382041,6638.25,1450685
2026-03-25 21:44:16.386054,6638.25,1450694
2026-03-25 21:44:17.392054,6638.25,1450694
2026-03-25 21:44:18.398669,6638.25,1450694
2026-03-25 21:44:19.406182,6638.25,1450694
2026-03-25 21:44:20.412705,6638.25,1450694
2026-03-25 21:44:21.419322,6638.25,1450694
2026-03-25 21:44:22.424321,6638.25,1450694
2026-03-25 21:44:23.430698,6638.25,1450694
2026-03-25 21:44:24.436699,6638.0,1450703
2026-03-25 21:44:25.442977,6638.0,1450703
2026-03-25 21:44:26.447978,6638.25,1450704
2026-03-25 21:44:27.457480,6638.25,1450704
2026-03-25 21:44:28.467480,6638.25,1450705
2026-03-25 21:44:29.477042,6638.5,1450713
2026-03-25 21:44:30.482661,6638.5,1450718
2026-03-25 21:44:31.487659,6638.25,1450719
2026-03-25 21:44:32.491591,6638.25,1450719
2026-03-25 21:44:33.498103,6638.25,1450719
2026-03-25 21:44:34.502594,6638.25,1450719
2026-03-25 21:44:35.508593,6638.25,1450719
2026-03-25 21:44:36.512705,6638.5,1450721
2026-03-25 21:44:37.518703,6638.5,1450734
2026-03-25 21:44:38.523359,6638.5,1450738
2026-03-25 21:44:39.527358,6638.5,1450741
2026-03-25 21:44:40.534362,6638.5,1450741
2026-03-25 21:44:41.539763,6638.25,1450742
2026-03-25 21:44:42.544299,6638.25,1450742
2026-03-25 21:44:43.549259,6638.25,1450743
2026-03-25 21:44:44.555259,6638.5,1450750
2026-03-25 21:44:45.560768,6638.5,1450750
2026-03-25 21:44:46.564772,6638.5,1450751
2026-03-25 21:44:47.569483,6638.5,1450751
2026-03-25 21:44:48.573483,6638.0,1450752
2026-03-25 21:44:49.577561,6638.0,1450752
2026-03-25 21:44:50.581077,6638.0,1450752
2026-03-25 21:44:51.586077,6638.0,1450752
2026-03-25 21:44:52.590238,6638.0,1450755
2026-03-25 21:44:53.594235,6638.0,1450756
2026-03-25 21:44:54.598427,6638.0,1450756
2026-03-25 21:44:55.602426,6638.0,1450756
2026-03-25 21:44:56.605777,6638.25,1450758
2026-03-25 21:44:57.609775,6638.0,1450765
2026-03-25 21:44:58.613757,6638.25,1450770
2026-03-25 21:44:59.617757,6638.25,1450770
2026-03-25 21:45:00.621003,6638.25,1450770
2026-03-25 21:45:01.625004,6638.5,1450776
2026-03-25 21:45:02.629003,6638.0,1450781
2026-03-25 21:45:03.633139,6638.0,1450781
2026-03-25 21:45:04.637139,6638.25,1450798
2026-03-25 21:45:05.643573,6638.0,1450805
2026-03-25 21:45:06.647572,6638.0,1450805
2026-03-25 21:45:07.651716,6638.25,1450807
2026-03-25 21:45:08.655716,6638.5,1450808
2026-03-25 21:45:09.659869,6638.25,1450818
2026-03-25 21:45:10.664868,6638.25,1450818
2026-03-25 21:45:11.668556,6638.25,1450826
2026-03-25 21:45:12.673555,6638.25,1450826
2026-03-25 21:45:13.677556,6638.25,1450826
2026-03-25 21:45:14.681617,6638.25,1450828
2026-03-25 21:45:15.685617,6638.25,1450828
2026-03-25 21:45:16.689855,6638.5,1450829
2026-03-25 21:45:17.693854,6638.5,1450829
2026-03-25 21:45:18.697296,6638.5,1450829
2026-03-25 21:45:19.701295,6638.75,1450858
2026-03-25 21:45:20.705242,6638.75,1450858
2026-03-25 21:45:21.711241,6638.75,1450858
2026-03-25 21:45:22.715334,6638.75,1450863
2026-03-25 21:45:23.719358,6638.75,1450863
2026-03-25 21:45:24.724363,6638.75,1450863
2026-03-25 21:45:25.728694,6639.0,1450864
2026-03-25 21:45:26.732694,6639.0,1450865
2026-03-25 21:45:27.737087,6638.75,1450866
2026-03-25 21:45:28.741085,6639.0,1450867
2026-03-25 21:45:29.745711,6638.75,1450869
2026-03-25 21:45:30.749711,6639.0,1450870
2026-03-25 21:45:31.754373,6639.0,1450876
2026-03-25 21:45:32.758369,6639.0,1450876
2026-03-25 21:45:33.762036,6639.0,1450881
2026-03-25 21:45:34.768340,6639.0,1450881
2026-03-25 21:45:35.777340,6638.75,1450907
2026-03-25 21:45:36.785195,6639.0,1450914
2026-03-25 21:45:37.791196,6639.0,1450914
2026-03-25 21:45:38.797749,6639.0,1450914
2026-03-25 21:45:39.804747,6638.5,1450919
2026-03-25 21:45:40.812261,6638.75,1450921
2026-03-25 21:45:41.818979,6638.75,1450923
2026-03-25 21:45:42.822499,6638.75,1450924
2026-03-25 21:45:43.827481,6638.5,1450925
2026-03-25 21:45:44.832484,6638.5,1450925
2026-03-25 21:45:45.836676,6638.5,1450925
2026-03-25 21:45:46.840676,6638.5,1450925
2026-03-25 21:45:47.844276,6638.5,1450925
2026-03-25 21:45:48.848276,6638.5,1450926
2026-03-25 21:45:49.853278,6638.5,1450926
2026-03-25 21:45:50.857799,6638.5,1450927
2026-03-25 21:45:51.863745,6638.75,1450931
2026-03-25 21:45:52.867379,6638.75,1450931
2026-03-25 21:45:53.871891,6638.75,1450931
2026-03-25 21:45:54.877134,6638.75,1450931
2026-03-25 21:45:55.881135,6638.75,1450934
2026-03-25 21:45:56.884907,6638.5,1450938
2026-03-25 21:45:57.888424,6638.5,1450938
2026-03-25 21:45:58.891726,6638.75,1450942
2026-03-25 21:45:59.895726,6638.75,1450942
2026-03-25 21:46:00.899679,6638.5,1450944
2026-03-25 21:46:01.905472,6638.5,1450959
2026-03-25 21:46:02.909474,6638.5,1450959
2026-03-25 21:46:03.913638,6638.5,1450964
2026-03-25 21:46:04.917638,6638.5,1450964
2026-03-25 21:46:05.921211,6638.5,1450971
2026-03-25 21:46:06.925211,6638.5,1450971
2026-03-25 21:46:07.929570,6638.5,1450971
2026-03-25 21:46:08.933571,6638.5,1450971
2026-03-25 21:46:09.937937,6638.75,1450973
2026-03-25 21:46:10.943527,6638.75,1450973
2026-03-25 21:46:11.947530,6638.75,1450973
2026-03-25 21:46:12.955658,6638.75,1450973
2026-03-25 21:46:13.959658,6638.75,1450973
2026-03-25 21:46:14.964101,6638.5,1450977
2026-03-25 21:46:15.968101,6638.5,1450977
2026-03-25 21:46:16.971688,6638.5,1450979
2026-03-25 21:46:17.975690,6638.5,1450979
2026-03-25 21:46:18.980552,6638.5,1450979
2026-03-25 21:46:19.984552,6638.5,1450980
2026-03-25 21:46:21.012830,6638.5,1450980
2026-03-25 21:46:22.046829,6638.25,1450980
2026-03-25 21:46:23.050830,6638.5,1450995
2026-03-25 21:46:24.056461,6638.25,1450998
2026-03-25 21:46:25.060461,6638.0,1451003
2026-03-25 21:46:26.064326,6638.0,1451003
2026-03-25 21:46:27.071324,6638.0,1451003
2026-03-25 21:46:28.078361,6638.25,1451005
2026-03-25 21:46:29.085877,6638.0,1451012
2026-03-25 21:46:30.092406,6638.0,1451012
2026-03-25 21:46:31.098404,6638.0,1451012
2026-03-25 21:46:32.103406,6638.0,1451012
2026-03-25 21:46:33.108290,6638.0,1451012
2026-03-25 21:46:34.113288,6638.0,1451012
2026-03-25 21:46:35.119502,6638.0,1451012
2026-03-25 21:46:36.123501,6638.25,1451013
2026-03-25 21:46:37.127382,6637.75,1451029
2026-03-25 21:46:38.132384,6637.75,1451029
2026-03-25 21:46:39.139749,6637.75,1451029
2026-03-25 21:46:40.144749,6637.75,1451029
2026-03-25 21:46:41.150351,6638.25,1451031
2026-03-25 21:46:42.154867,6638.0,1451044
2026-03-25 21:46:43.158868,6638.0,1451044
2026-03-25 21:46:44.163563,6638.25,1451058
2026-03-25 21:46:45.170562,6638.25,1451060
2026-03-25 21:46:46.175293,6638.0,1451062
2026-03-25 21:46:47.178806,6638.0,1451062
2026-03-25 21:46:48.184909,6638.0,1451062
2026-03-25 21:46:49.190908,6638.0,1451062
2026-03-25 21:46:50.195224,6638.75,1451080
2026-03-25 21:46:51.199222,6638.75,1451080
2026-03-25 21:46:52.203224,6638.75,1451080
2026-03-25 21:46:53.253301,6638.5,1451083
2026-03-25 21:46:54.297300,6638.5,1451083
2026-03-25 21:46:55.301860,6638.5,1451083
2026-03-25 21:46:56.307860,6638.75,1451087
2026-03-25 21:46:57.312409,6638.75,1451087
2026-03-25 21:46:58.317410,6638.75,1451087
2026-03-25 21:46:59.324436,6638.75,1451092
2026-03-25 21:47:00.330435,6638.25,1451098
2026-03-25 21:47:01.334334,6638.75,1451110
2026-03-25 21:47:02.339332,6638.5,1451129
2026-03-25 21:47:03.344333,6639.0,1451153
2026-03-25 21:47:04.352097,6639.0,1451153
2026-03-25 21:47:05.357102,6639.0,1451153
2026-03-25 21:47:06.362066,6639.25,1451163
2026-03-25 21:47:07.367581,6639.25,1451163
2026-03-25 21:47:08.374284,6639.0,1451165
2026-03-25 21:47:09.379800,6639.25,1451166
2026-03-25 21:47:10.403245,6639.25,1451166
2026-03-25 21:47:11.412273,6639.25,1451166
2026-03-25 21:47:12.435315,6639.25,1451168
2026-03-25 21:47:13.450688,6639.25,1451168
2026-03-25 21:47:14.473205,6639.25,1451170
2026-03-25 21:47:15.489162,6639.25,1451170
2026-03-25 21:47:16.496678,6639.0,1451171
2026-03-25 21:47:17.504529,6639.25,1451177
2026-03-25 21:47:18.513562,6639.25,1451177
2026-03-25 21:47:19.521563,6639.25,1451182
2026-03-25 21:47:20.529497,6639.0,1451186
2026-03-25 21:47:21.537499,6639.0,1451187
2026-03-25 21:47:22.545355,6639.0,1451187
2026-03-25 21:47:23.551866,6639.0,1451192
2026-03-25 21:47:24.559233,6639.0,1451197
2026-03-25 21:47:25.565233,6639.0,1451197
2026-03-25 21:47:26.576237,6639.0,1451197
2026-03-25 21:47:27.583238,6639.0,1451202
2026-03-25 21:47:28.589238,6639.0,1451202
2026-03-25 21:47:29.595110,6639.0,1451202
2026-03-25 21:47:30.602622,6639.0,1451202
2026-03-25 21:47:31.608438,6639.0,1451202
2026-03-25 21:47:32.614436,6639.0,1451202
2026-03-25 21:47:33.621184,6639.0,1451202
2026-03-25 21:47:34.627184,6639.0,1451202
2026-03-25 21:47:35.632619,6639.0,1451203
2026-03-25 21:47:36.637617,6639.0,1451203
2026-03-25 21:47:37.642618,6639.0,1451203
2026-03-25 21:47:38.649603,6639.0,1451203
2026-03-25 21:47:39.656605,6639.0,1451203
2026-03-25 21:47:40.662563,6639.0,1451211
2026-03-25 21:47:41.669561,6639.0,1451211
2026-03-25 21:47:42.673517,6639.0,1451223
2026-03-25 21:47:43.679517,6639.0,1451223
2026-03-25 21:47:44.684385,6639.0,1451223
2026-03-25 21:47:45.690386,6638.75,1451224
2026-03-25 21:47:46.694919,6638.75,1451225
2026-03-25 21:47:47.699285,6638.25,1451230
2026-03-25 21:47:48.704284,6638.25,1451230
2026-03-25 21:47:49.708307,6638.5,1451234
2026-03-25 21:47:50.712308,6638.5,1451234
2026-03-25 21:47:51.716366,6638.75,1451241
2026-03-25 21:47:52.720367,6638.75,1451241
2026-03-25 21:47:53.724541,6638.5,1451243
2026-03-25 21:47:54.730541,6638.5,1451243
2026-03-25 21:47:55.735815,6638.5,1451243
2026-03-25 21:47:56.740816,6638.5,1451243
2026-03-25 21:47:57.746816,6638.5,1451243
2026-03-25 21:47:58.752702,6638.75,1451288
2026-03-25 21:47:59.756703,6638.75,1451289
2026-03-25 21:48:00.760320,6638.75,1451289
2026-03-25 21:48:01.766323,6638.75,1451289
2026-03-25 21:48:02.788218,6638.75,1451290
2026-03-25 21:48:03.793219,6638.75,1451290
2026-03-25 21:48:04.797029,6638.5,1451291
2026-03-25 21:48:05.803026,6638.25,1451294
2026-03-25 21:48:06.814029,6638.25,1451294
2026-03-25 21:48:07.868307,6638.25,1451294
2026-03-25 21:48:08.883887,6638.5,1451299
2026-03-25 21:48:09.889887,6638.5,1451305
2026-03-25 21:48:10.907633,6638.5,1451305
2026-03-25 21:48:11.945663,6638.5,1451305
2026-03-25 21:48:12.962639,6638.5,1451305
2026-03-25 21:48:13.968153,6638.5,1451308
2026-03-25 21:48:14.974152,6638.5,1451308
2026-03-25 21:48:15.980078,6638.5,1451308
2026-03-25 21:48:16.984078,6638.5,1451308
2026-03-25 21:48:17.989288,6638.5,1451311
2026-03-25 21:48:18.994289,6638.25,1451322
2026-03-25 21:48:20.009199,6638.25,1451322
2026-03-25 21:48:21.038389,6638.25,1451322
2026-03-25 21:48:22.096388,6638.25,1451322
2026-03-25 21:48:23.103107,6638.25,1451322
2026-03-25 21:48:24.107619,6638.25,1451322
2026-03-25 21:48:25.113176,6638.25,1451322
2026-03-25 21:48:26.117176,6638.25,1451322
2026-03-25 21:48:27.128809,6638.5,1451323
2026-03-25 21:48:28.132809,6638.5,1451330
2026-03-25 21:48:29.136811,6638.5,1451330
2026-03-25 21:48:30.142581,6638.75,1451337
2026-03-25 21:48:31.149578,6639.0,1451344
2026-03-25 21:48:32.153706,6639.0,1451344
2026-03-25 21:48:33.160704,6639.0,1451344
2026-03-25 21:48:34.166205,6639.0,1451344
2026-03-25 21:48:35.172204,6639.0,1451344
2026-03-25 21:48:36.180299,6639.0,1451399
2026-03-25 21:48:37.184298,6639.0,1451399
2026-03-25 21:48:38.190488,6639.0,1451399
2026-03-25 21:48:39.194082,6639.0,1451399
2026-03-25 21:48:40.199082,6639.0,1451399
2026-03-25 21:48:41.202804,6638.5,1451414
2026-03-25 21:48:42.212804,6638.5,1451414
2026-03-25 21:48:43.217865,6638.75,1451420
2026-03-25 21:48:44.224865,6638.75,1451421
2026-03-25 21:48:45.230965,6638.75,1451451
2026-03-25 21:48:46.239965,6638.75,1451451
2026-03-25 21:48:47.245779,6638.75,1451451
2026-03-25 21:48:48.252356,6638.75,1451451
2026-03-25 21:48:49.260902,6638.5,1451454
2026-03-25 21:48:50.268099,6638.75,1451459
2026-03-25 21:48:51.274098,6638.75,1451459
2026-03-25 21:48:52.280719,6638.75,1451459
2026-03-25 21:48:53.287720,6638.75,1451459
2026-03-25 21:48:54.294295,6638.75,1451459
2026-03-25 21:48:55.300296,6638.5,1451459
2026-03-25 21:48:56.306297,6638.75,1451461
2026-03-25 21:48:57.312751,6638.75,1451461
2026-03-25 21:48:58.318750,6638.75,1451461
2026-03-25 21:48:59.325517,6638.75,1451461
2026-03-25 21:49:00.333521,6638.75,1451461
2026-03-25 21:49:01.339070,6638.75,1451462
2026-03-25 21:49:02.349069,6638.75,1451462
2026-03-25 21:49:03.356946,6638.5,1451471
2026-03-25 21:49:04.403946,6638.5,1451471
2026-03-25 21:49:05.410945,6638.5,1451476
2026-03-25 21:49:06.417161,6638.5,1451476
2026-03-25 21:49:07.423677,6638.5,1451476
2026-03-25 21:49:08.429721,6638.5,1451483
2026-03-25 21:49:09.436236,6638.25,1451502
2026-03-25 21:49:10.444162,6638.25,1451502
2026-03-25 21:49:11.450164,6638.25,1451502
2026-03-25 21:49:12.459731,6638.0,1451508
2026-03-25 21:49:13.466859,6638.0,1451508
2026-03-25 21:49:14.487858,6638.0,1451508
2026-03-25 21:49:15.494680,6638.0,1451508
2026-03-25 21:49:16.500677,6638.0,1451508
2026-03-25 21:49:17.507301,6638.25,1451509
2026-03-25 21:49:18.512302,6638.0,1451521
2026-03-25 21:49:19.520520,6638.0,1451521
2026-03-25 21:49:20.527034,6638.0,1451521
2026-03-25 21:49:21.532214,6637.75,1451523
2026-03-25 21:49:22.537215,6637.75,1451523
2026-03-25 21:49:23.544216,6637.75,1451523
2026-03-25 21:49:24.554028,6637.75,1451523
2026-03-25 21:49:25.562541,6637.75,1451523
2026-03-25 21:49:26.571570,6638.0,1451524
2026-03-25 21:49:27.576568,6638.0,1451524
2026-03-25 21:49:28.582505,6638.0,1451524
2026-03-25 21:49:29.590505,6638.0,1451524
2026-03-25 21:49:30.595453,6638.25,1451539
2026-03-25 21:49:31.601453,6638.25,1451539
2026-03-25 21:49:32.606452,6638.25,1451539
2026-03-25 21:49:33.612238,6638.25,1451539
2026-03-25 21:49:34.618238,6638.25,1451545
2026-03-25 21:49:35.622822,6638.0,1451555
2026-03-25 21:49:36.627821,6638.0,1451555
2026-03-25 21:49:37.637937,6638.0,1451555
2026-03-25 21:49:38.643937,6638.0,1451555
2026-03-25 21:49:39.650940,6638.0,1451555
2026-03-25 21:49:40.659352,6638.25,1451560
2026-03-25 21:49:41.665354,6638.25,1451560
2026-03-25 21:49:42.671963,6638.25,1451561
2026-03-25 21:49:43.678962,6638.25,1451561
2026-03-25 21:49:44.683780,6638.25,1451561
2026-03-25 21:49:45.687780,6638.25,1451561
2026-03-25 21:49:46.693395,6638.25,1451569
2026-03-25 21:49:47.697914,6638.25,1451569
2026-03-25 21:49:48.702217,6638.25,1451569
2026-03-25 21:49:49.707630,6638.25,1451569
2026-03-25 21:49:50.714630,6638.25,1451569
2026-03-25 21:49:51.718293,6638.25,1451569
2026-03-25 21:49:52.723292,6638.25,1451569
2026-03-25 21:49:53.729382,6638.25,1451569
2026-03-25 21:49:54.735379,6638.25,1451569
2026-03-25 21:49:55.741136,6638.5,1451571
2026-03-25 21:49:56.747138,6638.5,1451571
2026-03-25 21:49:57.752092,6638.5,1451571
2026-03-25 21:49:58.758094,6638.5,1451580
2026-03-25 21:49:59.764091,6638.5,1451580
2026-03-25 21:50:00.769548,6638.5,1451580
2026-03-25 21:50:01.774069,6638.75,1451584
2026-03-25 21:50:02.778251,6638.5,1451608
2026-03-25 21:50:03.783251,6638.75,1451618
2026-03-25 21:50:04.788751,6638.75,1451621
2026-03-25 21:50:05.794751,6638.75,1451621
2026-03-25 21:50:06.799388,6638.5,1451622
2026-03-25 21:50:07.803389,6638.5,1451624
2026-03-25 21:50:08.807901,6638.5,1451624
2026-03-25 21:50:09.817558,6638.5,1451624
2026-03-25 21:50:10.848559,6638.75,1451635
2026-03-25 21:50:11.853955,6638.75,1451636
2026-03-25 21:50:12.861954,6638.75,1451636
2026-03-25 21:50:13.867309,6638.75,1451639
2026-03-25 21:50:14.871313,6638.75,1451639
2026-03-25 21:50:15.878023,6638.75,1451639
2026-03-25 21:50:16.882023,6638.75,1451639
2026-03-25 21:50:17.885865,6638.5,1451643
2026-03-25 21:50:18.889863,6639.0,1451668
2026-03-25 21:50:19.894863,6639.0,1451668
2026-03-25 21:50:20.899693,6639.0,1451669
2026-03-25 21:50:21.903693,6639.0,1451669
2026-03-25 21:50:22.909052,6639.0,1451669
2026-03-25 21:50:23.914052,6639.0,1451669
2026-03-25 21:50:24.919749,6639.0,1451672
2026-03-25 21:50:25.924751,6639.0,1451672
2026-03-25 21:50:26.930349,6639.0,1451672
2026-03-25 21:50:27.936350,6638.75,1451675
2026-03-25 21:50:28.941864,6638.75,1451675
2026-03-25 21:50:29.947893,6638.75,1451675
2026-03-25 21:50:30.954893,6638.75,1451675
2026-03-25 21:50:31.960473,6638.75,1451676
2026-03-25 21:50:32.964475,6638.75,1451676
2026-03-25 21:50:33.968007,6638.75,1451677
2026-03-25 21:50:34.973007,6638.75,1451677
2026-03-25 21:50:35.977170,6638.75,1451678
2026-03-25 21:50:36.982170,6638.75,1451680
2026-03-25 21:50:37.985920,6638.75,1451680
2026-03-25 21:50:38.990508,6638.75,1451680
2026-03-25 21:50:39.995506,6638.75,1451680
2026-03-25 21:50:40.999933,6638.75,1451680
2026-03-25 21:50:42.005930,6638.75,1451694
2026-03-25 21:50:43.011871,6638.75,1451696
2026-03-25 21:50:44.016869,6638.75,1451696
2026-03-25 21:50:45.022002,6638.75,1451696
2026-03-25 21:50:46.026516,6639.25,1451726
2026-03-25 21:50:47.031209,6639.25,1451726
2026-03-25 21:50:48.036212,6638.75,1451728
2026-03-25 21:50:49.042212,6638.75,1451728
2026-03-25 21:50:50.049641,6638.75,1451728
2026-03-25 21:50:51.055643,6638.75,1451728
2026-03-25 21:50:52.060893,6638.5,1451730
2026-03-25 21:50:53.066893,6638.5,1451730
2026-03-25 21:50:54.073330,6638.5,1451730
2026-03-25 21:50:55.077843,6638.75,1451731
2026-03-25 21:50:56.083250,6638.75,1451731
2026-03-25 21:50:57.087248,6638.75,1451731
2026-03-25 21:50:58.092249,6638.75,1451731
2026-03-25 21:50:59.097970,6638.5,1451737
2026-03-25 21:51:00.102971,6638.5,1451737
2026-03-25 21:51:01.107889,6638.5,1451737
2026-03-25 21:51:02.111889,6638.5,1451737
2026-03-25 21:51:03.116203,6638.5,1451737
2026-03-25 21:51:04.121203,6638.5,1451737
2026-03-25 21:51:05.125645,6638.5,1451738
2026-03-25 21:51:06.129645,6638.5,1451738
2026-03-25 21:51:07.133022,6638.5,1451739
2026-03-25 21:51:08.137057,6638.5,1451739
2026-03-25 21:51:09.141571,6638.75,1451743
2026-03-25 21:51:10.145427,6638.75,1451743
2026-03-25 21:51:11.152529,6638.75,1451743
2026-03-25 21:51:12.156384,6638.75,1451743
2026-03-25 21:51:13.165383,6638.75,1451743
2026-03-25 21:51:14.170768,6638.75,1451743
2026-03-25 21:51:15.176764,6638.75,1451748
2026-03-25 21:51:16.181765,6638.75,1451748
2026-03-25 21:51:17.191628,6638.5,1451750
2026-03-25 21:51:18.197141,6638.75,1451754
2026-03-25 21:51:19.201968,6638.5,1451756
2026-03-25 21:51:20.205968,6638.5,1451759
2026-03-25 21:51:21.211421,6638.5,1451759
2026-03-25 21:51:22.216454,6638.5,1451759
2026-03-25 21:51:23.220886,6638.5,1451759
2026-03-25 21:51:24.227886,6638.5,1451759
2026-03-25 21:51:25.232920,6638.5,1451759
2026-03-25 21:51:26.242071,6638.5,1451759
2026-03-25 21:51:27.247589,6638.5,1451759
2026-03-25 21:51:28.253800,6638.5,1451759
2026-03-25 21:51:29.282798,6638.5,1451759
2026-03-25 21:51:30.291328,6638.5,1451761
2026-03-25 21:51:31.298359,6638.25,1451762
2026-03-25 21:51:32.310227,6638.25,1451762
2026-03-25 21:51:33.317744,6638.25,1451762
2026-03-25 21:51:34.326260,6638.25,1451762
2026-03-25 21:51:35.333249,6638.25,1451763
2026-03-25 21:51:36.340250,6638.25,1451763
2026-03-25 21:51:37.345869,6638.25,1451763
2026-03-25 21:51:38.353386,6638.25,1451763
2026-03-25 21:51:39.357832,6638.25,1451763
2026-03-25 21:51:40.364833,6638.25,1451764
2026-03-25 21:51:41.369905,6638.5,1451772
2026-03-25 21:51:42.376935,6639.0,1451782
2026-03-25 21:51:43.386936,6638.5,1451785
2026-03-25 21:51:44.396361,6638.5,1451785
2026-03-25 21:51:45.403363,6638.5,1451786
2026-03-25 21:51:46.410409,6638.5,1451786
2026-03-25 21:51:47.416408,6638.5,1451786
2026-03-25 21:51:48.422162,6638.5,1451786
2026-03-25 21:51:49.428677,6638.25,1451787
2026-03-25 21:51:50.436032,6638.25,1451787
2026-03-25 21:51:51.440033,6638.25,1451787
2026-03-25 21:51:52.446549,6638.25,1451787
2026-03-25 21:51:53.452576,6638.75,1451792
2026-03-25 21:51:54.458576,6638.5,1451792
2026-03-25 21:51:55.465140,6638.5,1451792
2026-03-25 21:51:56.473166,6638.5,1451792
2026-03-25 21:51:57.480931,6638.5,1451793
2026-03-25 21:51:58.487932,6638.5,1451793
2026-03-25 21:51:59.495199,6638.5,1451797
2026-03-25 21:52:00.502800,6638.5,1451797
2026-03-25 21:52:01.508798,6638.5,1451797
2026-03-25 21:52:02.515232,6638.5,1451805
2026-03-25 21:52:03.535226,6638.5,1451805
2026-03-25 21:52:04.545277,6638.5,1451805
2026-03-25 21:52:05.550796,6638.5,1451806
2026-03-25 21:52:06.556440,6638.5,1451806
2026-03-25 21:52:07.563441,6638.5,1451806
2026-03-25 21:52:08.572109,6638.75,1451807
2026-03-25 21:52:09.579760,6638.75,1451807
2026-03-25 21:52:10.586760,6638.75,1451807
2026-03-25 21:52:11.591446,6638.75,1451807
2026-03-25 21:52:12.597445,6638.75,1451807
2026-03-25 21:52:13.604048,6638.75,1451807
2026-03-25 21:52:14.609048,6638.75,1451807
2026-03-25 21:52:15.615755,6638.75,1451810
2026-03-25 21:52:16.620756,6638.75,1451810
2026-03-25 21:52:17.627755,6638.75,1451810
2026-03-25 21:52:18.650303,6638.75,1451810
2026-03-25 21:52:19.657303,6638.75,1451810
2026-03-25 21:52:20.664636,6638.75,1451823
2026-03-25 21:52:21.671151,6638.75,1451823
2026-03-25 21:52:22.691423,6638.75,1451823
2026-03-25 21:52:23.743424,6638.5,1451824
2026-03-25 21:52:24.753288,6638.5,1451824
2026-03-25 21:52:25.759316,6638.5,1451824
2026-03-25 21:52:26.764365,6638.5,1451824
2026-03-25 21:52:27.770669,6638.5,1451824
2026-03-25 21:52:28.781179,6638.5,1451824
2026-03-25 21:52:29.786931,6638.5,1451824
2026-03-25 21:52:30.792964,6638.75,1451824
2026-03-25 21:52:31.798508,6638.75,1451826
2026-03-25 21:52:32.805022,6638.75,1451826
2026-03-25 21:52:33.811191,6638.25,1451840
2026-03-25 21:52:34.817190,6638.25,1451840
2026-03-25 21:52:35.823120,6638.25,1451843
2026-03-25 21:52:36.828804,6638.5,1451845
2026-03-25 21:52:37.834320,6638.25,1451847
2026-03-25 21:52:38.839946,6638.25,1451847
2026-03-25 21:52:39.846946,6638.25,1451847
2026-03-25 21:52:40.852709,6638.25,1451847
2026-03-25 21:52:41.857707,6638.25,1451847
2026-03-25 21:52:42.864073,6638.25,1451847
2026-03-25 21:52:43.872075,6638.25,1451847
2026-03-25 21:52:44.879574,6638.25,1451847
2026-03-25 21:52:45.884574,6638.25,1451847
2026-03-25 21:52:46.888576,6638.25,1451847
2026-03-25 21:52:47.895075,6638.25,1451847
2026-03-25 21:52:48.899077,6638.25,1451847
2026-03-25 21:52:49.906357,6638.25,1451847
2026-03-25 21:52:50.911358,6638.5,1451848
2026-03-25 21:52:51.917836,6638.5,1451849
2026-03-25 21:52:52.922838,6638.5,1451849
2026-03-25 21:52:53.927587,6638.5,1451849
2026-03-25 21:52:54.933589,6638.5,1451849
2026-03-25 21:52:55.938403,6638.5,1451849
2026-03-25 21:52:56.944404,6638.5,1451849
2026-03-25 21:52:57.950403,6638.5,1451849
2026-03-25 21:52:58.954655,6638.5,1451849
2026-03-25 21:52:59.960653,6638.75,1451856
2026-03-25 21:53:00.964212,6638.75,1451857
2026-03-25 21:53:01.970212,6638.75,1451857
2026-03-25 21:53:02.974534,6638.75,1451860
2026-03-25 21:53:03.981533,6638.75,1451860
2026-03-25 21:53:04.986306,6638.75,1451861
2026-03-25 21:53:05.992305,6638.75,1451861
2026-03-25 21:53:06.997824,6638.75,1451861
2026-03-25 21:53:08.003670,6638.75,1451861
2026-03-25 21:53:09.008705,6638.75,1451861
2026-03-25 21:53:10.013711,6638.5,1451864
2026-03-25 21:53:11.018714,6638.5,1451864
2026-03-25 21:53:12.023395,6638.5,1451864
2026-03-25 21:53:13.027923,6638.5,1451864
2026-03-25 21:53:14.036643,6638.5,1451864
2026-03-25 21:53:15.042645,6638.5,1451864
2026-03-25 21:53:16.048646,6638.5,1451864
2026-03-25 21:53:17.055755,6638.5,1451864
2026-03-25 21:53:18.062270,6638.75,1451865
2026-03-25 21:53:19.067969,6638.75,1451865
2026-03-25 21:53:20.073969,6638.5,1451866
2026-03-25 21:53:21.078368,6638.5,1451866
2026-03-25 21:53:22.084367,6638.25,1451867
2026-03-25 21:53:23.090694,6638.25,1451867
2026-03-25 21:53:24.096694,6638.25,1451867
2026-03-25 21:53:25.101194,6638.25,1451867
2026-03-25 21:53:26.106150,6638.25,1451867
2026-03-25 21:53:27.110150,6638.25,1451867
2026-03-25 21:53:28.114710,6638.25,1451873
2026-03-25 21:53:29.119709,6638.25,1451873
2026-03-25 21:53:30.124089,6638.25,1451874
2026-03-25 21:53:31.129087,6638.25,1451874
2026-03-25 21:53:32.134777,6638.25,1451874
2026-03-25 21:53:33.141778,6638.75,1451875
2026-03-25 21:53:34.146959,6638.75,1451875
2026-03-25 21:53:35.153034,6638.75,1451875
2026-03-25 21:53:36.160035,6638.75,1451883
2026-03-25 21:53:37.165411,6638.75,1451883
2026-03-25 21:53:38.172412,6638.75,1451883
2026-03-25 21:53:39.180211,6638.75,1451885
2026-03-25 21:53:40.186210,6638.5,1451889
2026-03-25 21:53:41.192177,6638.5,1451889
2026-03-25 21:53:42.198175,6638.5,1451889
2026-03-25 21:53:43.202510,6638.5,1451889
2026-03-25 21:53:44.212026,6638.5,1451889
2026-03-25 21:53:45.216025,6638.5,1451893
2026-03-25 21:53:46.222581,6638.5,1451893
2026-03-25 21:53:47.227583,6638.5,1451894
2026-03-25 21:53:48.232756,6638.5,1451894
2026-03-25 21:53:49.238756,6638.5,1451899
2026-03-25 21:53:50.243381,6638.75,1451902
2026-03-25 21:53:51.250379,6638.75,1451902
2026-03-25 21:53:52.255506,6639.0,1451904
2026-03-25 21:53:53.262504,6639.0,1451904
2026-03-25 21:53:54.268503,6638.75,1451905
2026-03-25 21:53:55.277776,6638.75,1451905
2026-03-25 21:53:56.285802,6639.0,1451920
2026-03-25 21:53:57.292722,6639.0,1451920
2026-03-25 21:53:58.297722,6639.0,1451920
2026-03-25 21:53:59.302755,6639.0,1451920
2026-03-25 21:54:00.307755,6639.0,1451920
2026-03-25 21:54:01.311601,6639.0,1451921
2026-03-25 21:54:02.315603,6639.0,1451945
2026-03-25 21:54:03.321,6639.0,1451945
2026-03-25 21:54:04.326605,6639.0,1451945
2026-03-25 21:54:05.331604,6639.0,1451945
2026-03-25 21:54:06.336527,6639.0,1451945
2026-03-25 21:54:07.343528,6639.0,1451945
2026-03-25 21:54:08.349492,6639.0,1451945
2026-03-25 21:54:09.358008,6639.0,1451956
2026-03-25 21:54:10.365048,6639.0,1451956
2026-03-25 21:54:11.371049,6639.0,1451956
2026-03-25 21:54:12.377195,6639.0,1451956
2026-03-25 21:54:13.381790,6639.0,1451956
2026-03-25 21:54:14.390789,6639.25,1451976
2026-03-25 21:54:15.395761,6639.25,1451981
2026-03-25 21:54:16.400762,6639.5,1451982
2026-03-25 21:54:17.404869,6639.25,1451990
2026-03-25 21:54:18.410867,6639.0,1451993
2026-03-25 21:54:19.414638,6639.0,1451993
2026-03-25 21:54:20.420155,6639.0,1451993
2026-03-25 21:54:21.425192,6639.5,1451996
2026-03-25 21:54:22.441775,6639.25,1452028
2026-03-25 21:54:23.448291,6639.25,1452028
2026-03-25 21:54:24.456073,6639.25,1452028
2026-03-25 21:54:25.498593,6639.5,1452033
2026-03-25 21:54:26.508239,6639.5,1452033
2026-03-25 21:54:27.514240,6639.5,1452033
2026-03-25 21:54:28.520591,6639.5,1452051
2026-03-25 21:54:29.526594,6639.5,1452051
2026-03-25 21:54:30.539595,6639.5,1452051
2026-03-25 21:54:31.550898,6639.5,1452055
2026-03-25 21:54:32.557898,6639.5,1452055
2026-03-25 21:54:33.562903,6639.5,1452055
2026-03-25 21:54:34.568905,6639.5,1452055
2026-03-25 21:54:35.574009,6639.5,1452056
2026-03-25 21:54:36.579525,6639.5,1452056
2026-03-25 21:54:37.585173,6639.5,1452056
2026-03-25 21:54:38.590171,6639.5,1452056
2026-03-25 21:54:39.613173,6639.5,1452056
2026-03-25 21:54:40.657807,6639.5,1452060
2026-03-25 21:54:41.663805,6639.75,1452086
2026-03-25 21:54:42.670084,6639.75,1452086
2026-03-25 21:54:43.676597,6639.75,1452086
2026-03-25 21:54:44.684309,6639.75,1452087
2026-03-25 21:54:45.690310,6639.75,1452088
2026-03-25 21:54:46.695840,6639.75,1452090
2026-03-25 21:54:47.700410,6639.75,1452090
2026-03-25 21:54:48.704411,6639.75,1452090
2026-03-25 21:54:49.708448,6639.75,1452090
2026-03-25 21:54:50.713452,6639.75,1452090
2026-03-25 21:54:51.719379,6639.0,1452109
2026-03-25 21:54:52.724379,6639.0,1452109
2026-03-25 21:54:53.729790,6639.0,1452109
2026-03-25 21:54:54.735791,6639.0,1452109
2026-03-25 21:54:55.743994,6639.0,1452110
2026-03-25 21:54:56.751018,6639.0,1452110
2026-03-25 21:54:57.758017,6639.0,1452110
2026-03-25 21:54:58.771536,6639.0,1452118
2026-03-25 21:54:59.808054,6639.0,1452118
2026-03-25 21:55:00.864824,6639.25,1452136
2026-03-25 21:55:01.870822,6639.0,1452159
2026-03-25 21:55:02.876273,6639.0,1452162
2026-03-25 21:55:03.885274,6639.25,1452167
2026-03-25 21:55:04.890870,6639.25,1452169
2026-03-25 21:55:05.896995,6639.25,1452196
2026-03-25 21:55:06.901995,6639.0,1452213
2026-03-25 21:55:07.906673,6639.25,1452231
2026-03-25 21:55:08.910673,6639.0,1452234
2026-03-25 21:55:09.915291,6639.0,1452235
2026-03-25 21:55:10.921291,6639.0,1452235
2026-03-25 21:55:11.925747,6639.0,1452235
2026-03-25 21:55:12.931263,6639.0,1452235
2026-03-25 21:55:13.937365,6639.0,1452235
2026-03-25 21:55:14.947362,6639.25,1452243
2026-03-25 21:55:15.955363,6639.5,1452255
2026-03-25 21:55:16.963006,6639.5,1452258
2026-03-25 21:55:17.969009,6639.5,1452258
2026-03-25 21:55:18.974643,6639.75,1452268
2026-03-25 21:55:19.979643,6639.5,1452276
2026-03-25 21:55:20.983624,6639.5,1452276
2026-03-25 21:55:21.989624,6639.5,1452276
2026-03-25 21:55:22.995317,6639.75,1452277
2026-03-25 21:55:23.999316,6639.75,1452285
2026-03-25 21:55:25.004777,6639.75,1452294
2026-03-25 21:55:26.009776,6639.5,1452296
2026-03-25 21:55:27.013777,6639.5,1452297
2026-03-25 21:55:28.019094,6639.5,1452297
2026-03-25 21:55:29.024120,6639.5,1452297
2026-03-25 21:55:30.029773,6639.5,1452297
2026-03-25 21:55:31.038774,6639.25,1452303
2026-03-25 21:55:32.083961,6639.25,1452303
2026-03-25 21:55:33.091961,6639.25,1452303
2026-03-25 21:55:34.096266,6639.25,1452303
2026-03-25 21:55:35.101265,6639.5,1452311
2026-03-25 21:55:36.105285,6639.5,1452311
2026-03-25 21:55:37.109286,6639.5,1452311
2026-03-25 21:55:38.114287,6639.5,1452311
2026-03-25 21:55:39.119374,6639.5,1452311
2026-03-25 21:55:40.124371,6639.25,1452320
2026-03-25 21:55:41.128270,6639.25,1452320
2026-03-25 21:55:42.132271,6639.25,1452320
2026-03-25 21:55:43.137444,6639.0,1452321
2026-03-25 21:55:44.142444,6639.0,1452323
2026-03-25 21:55:45.149612,6639.0,1452325
2026-03-25 21:55:46.157614,6639.0,1452325
2026-03-25 21:55:47.162614,6639.0,1452325
2026-03-25 21:55:48.168385,6639.0,1452325
2026-03-25 21:55:49.173382,6639.0,1452325
2026-03-25 21:55:50.180524,6639.0,1452325
2026-03-25 21:55:51.184524,6639.0,1452325
2026-03-25 21:55:52.188014,6639.25,1452327
2026-03-25 21:55:53.192014,6639.25,1452330
2026-03-25 21:55:54.198386,6639.5,1452339
2026-03-25 21:55:55.203386,6639.5,1452339
2026-03-25 21:55:56.208580,6639.0,1452354
2026-03-25 21:55:57.212580,6639.0,1452354
2026-03-25 21:55:58.216582,6639.0,1452354
2026-03-25 21:55:59.220933,6639.0,1452354
